"id","code","name","type"
"__export__.account_account_1","0","Your Company","Vue"
"__export__.account_account_2","B","BILAN","Vue"
"__export__.account_account_3","1","ACTIF","Vue"
"__export__.account_account_4","10","ACTIF CIRCULANT","Vue"
"__export__.account_account_5","100","Trésorerie","Vue"
"__export__.account_account_6","1000","Caisse","Liquidités"
"__export__.account_account_7","1020","Banque","Liquidités"
"__export__.account_account_170","10201","Liquidités","Liquidités"
"__export__.account_account_171","10202","Banque","Liquidités"
"__export__.account_account_8","1021","Banque EUR","Liquidités"
"__export__.account_account_9","106","Actifs à court terme cotés en bourse","Vue"
"__export__.account_account_10","1060","Titres","Normal"
"__export__.account_account_11","1069","Ajustement de la valeur des titres","Normal"
"__export__.account_account_12","110","Créances résultant de livraisons et prestations","Vue"
"__export__.account_account_13","1100","Débiteurs","Compte client"
"__export__.account_account_14","1109","Ducroire","Normal"
"__export__.account_account_15","114","Autres créances à court terme","Vue"
"__export__.account_account_16","1140","Avances et prêts","Normal"
"__export__.account_account_17","1149","Ajustement de la valeur des avances et des prêts","Normal"
"__export__.account_account_18","1170","Impôt préalable: TVA s/matériel, marchandises, prestations et énergie","Normal"
"__export__.account_account_19","1171","Impôt préalable: TVA s/investissements et autres charges d’exploitation","Normal"
"__export__.account_account_20","1176","Impôt anticipé","Normal"
"__export__.account_account_21","1180","Créances envers les assurances sociales et institutions de prévoyance","Normal"
"__export__.account_account_22","1189","Impôt à la source","Normal"
"__export__.account_account_23","1190","Autres créances à court terme","Normal"
"__export__.account_account_24","1199","Ajustement de la valeur des créances à court terme","Normal"
"__export__.account_account_25","120","Stocks et prestations non facturées","Vue"
"__export__.account_account_26","1200","Marchandises commerciales","Normal"
"__export__.account_account_27","1210","Matières premières","Normal"
"__export__.account_account_28","1220","Matières auxiliaires","Normal"
"__export__.account_account_29","1230","Matières consommables","Normal"
"__export__.account_account_30","1250","Marchandises en consignation","Normal"
"__export__.account_account_31","1260","Stocks de produits finis","Normal"
"__export__.account_account_32","1270","Travaux en cours","Normal"
"__export__.account_account_33","1280","Prestations de services non facturées","Normal"
"__export__.account_account_34","130","Actifs de régularisation (transitoires)","Vue"
"__export__.account_account_35","1300","Charges payées d‘avance","Normal"
"__export__.account_account_36","1301","Produits à recevoir","Normal"
"__export__.account_account_37","14","ACTIF IMMOBILISE","Vue"
"__export__.account_account_38","140","Immobilisations financières","Vue"
"__export__.account_account_39","1400","Titres à long terme","Normal"
"__export__.account_account_40","1409","Ajustement de la valeur des titres","Normal"
"__export__.account_account_41","1440","Prêts","Normal"
"__export__.account_account_42","1441","Hypothèques","Normal"
"__export__.account_account_43","1449","Ajustement de la valeur des créances à long terme","Normal"
"__export__.account_account_44","148","Participations","Vue"
"__export__.account_account_45","1480","Participations","Normal"
"__export__.account_account_46","1489","Ajustement de la valeur des participations","Normal"
"__export__.account_account_47","150","Immobilisations corporelles meubles","Vue"
"__export__.account_account_48","1500","Machines et appareils","Normal"
"__export__.account_account_49","1509","Ajustement de la valeur des machines et appareils","Normal"
"__export__.account_account_50","1510","Mobilier et installations","Normal"
"__export__.account_account_51","1519","Ajustement de la valeur du mobilier et des installations","Normal"
"__export__.account_account_52","1520","Machines de bureau, informatique, systèmes de communication","Normal"
"__export__.account_account_53","1529","Ajustement de la valeur des machines de bureau, inf. et syst. comm.","Normal"
"__export__.account_account_54","1530","Véhicules","Normal"
"__export__.account_account_55","1539","Ajustement de la valeur des véhicules","Normal"
"__export__.account_account_56","1540","Outillages et appareils","Normal"
"__export__.account_account_57","1549","Ajustement de la valeur des outillages et appareils","Normal"
"__export__.account_account_58","160","Immobilisations corporelles immeubles","Vue"
"__export__.account_account_59","1600","Immeubles d’exploitation","Normal"
"__export__.account_account_60","1609","Ajustement de la valeur des immeubles d’exploitation","Normal"
"__export__.account_account_61","170","Immobilisations incorporelles","Vue"
"__export__.account_account_62","1700","Brevets, know-how, licences, droits, développement","Normal"
"__export__.account_account_63","1709","Ajustement de la valeur des brevets, know-how, licences, droits, dév.","Normal"
"__export__.account_account_64","1770","Goodwill","Normal"
"__export__.account_account_65","1779","Ajustement de la valeur des goodwill","Normal"
"__export__.account_account_66","180","Capital non versé : capital social, capital de fondation","Vue"
"__export__.account_account_67","1850","Capital actions, capital social, droits de participations ou capital de fondation non versés","Normal"
"__export__.account_account_68","2","PASSIF","Vue"
"__export__.account_account_69","20","DETTE A COURT TERME","Vue"
"__export__.account_account_70","200","Dettes à court terme résultant d’achats et de prestations de services","Vue"
"__export__.account_account_71","2000","Créanciers","Fournisseur"
"__export__.account_account_72","2030","Acomptes de clients","Normal"
"__export__.account_account_73","210","Dettes à court terme rémunérés","Vue"
"__export__.account_account_74","2100","Dettes bancaires","Normal"
"__export__.account_account_75","2120","Engagements de financement par leasing","Normal"
"__export__.account_account_76","2140","Autres dettes à court terme rémunérées","Normal"
"__export__.account_account_77","220","Autres dettes à court terme","Vue"
"__export__.account_account_78","2200","TVA due","Normal"
"__export__.account_account_79","2201","Décompte TVA","Normal"
"__export__.account_account_80","2206","Impôt anticipé dû","Normal"
"__export__.account_account_81","2208","Impôts directs","Normal"
"__export__.account_account_82","2210","Autres dettes à court terme","Normal"
"__export__.account_account_83","2261","Dividendes","Normal"
"__export__.account_account_84","2270","Assurances sociales et institutions de prévoyance","Normal"
"__export__.account_account_85","2279","Impôt à la source","Normal"
"__export__.account_account_86","230","Passifs de régularisation (transitoires) et provisions à court terme","Vue"
"__export__.account_account_87","2300","Charges à payer","Normal"
"__export__.account_account_88","2301","Produits encaissés d’avance","Normal"
"__export__.account_account_89","2330","Provisions à court terme","Normal"
"__export__.account_account_90","24","DETTE A LONG TERME","Vue"
"__export__.account_account_91","240","Dettes à long terme rémunérées","Vue"
"__export__.account_account_92","2400","Dettes bancaires","Normal"
"__export__.account_account_93","2420","Engagements de financement par leasing","Normal"
"__export__.account_account_94","2430","Emprunts obligataires","Normal"
"__export__.account_account_95","2450","Emprunts","Normal"
"__export__.account_account_96","2451","Hypothèques","Normal"
"__export__.account_account_97","250","Autres dettes à long terme","Vue"
"__export__.account_account_98","2500","Autres dettes à long terme","Normal"
"__export__.account_account_99","260","Provisions à long termes et provisions légales","Vue"
"__export__.account_account_100","2600","Provisions","Normal"
"__export__.account_account_101","28","CAPITAUX PROPRES","Vue"
"__export__.account_account_102","280","Capital social ou capital de fondation","Vue"
"__export__.account_account_103","2800","Capital-actions, capital social, capital de fondation","Normal"
"__export__.account_account_104","290","Réserves / bénéfices et pertes","Vue"
"__export__.account_account_105","2900","Réserves légales issues du capital","Normal"
"__export__.account_account_106","2940","Réserves d‘évaluation","Normal"
"__export__.account_account_107","2950","Réserves légales issues du bénéfice","Normal"
"__export__.account_account_108","2960","Réserves libres","Normal"
"__export__.account_account_109","2970","Bénéfice / perte reporté","Normal"
"__export__.account_account_110","2979","Bénéfice / perte de l’exercice","Normal"
"__export__.account_account_111","2980","Propres actions, parts sociales, droits de participations (poste négatif)","Normal"
"__export__.account_account_112","R","COMPTE DE RESULTAT","Vue"
"__export__.account_account_113","3","CHIFFRE D’AFFAIRES RESULTANT DES VENTES ET DES PRESTATIONS DE SERVICES","Vue"
"__export__.account_account_114","30","Chiffre d'affaires","Vue"
"__export__.account_account_115","3000","Ventes de produits fabriqués","Normal"
"__export__.account_account_116","3200","Ventes de marchandises","Normal"
"__export__.account_account_117","3400","Ventes de prestations","Normal"
"__export__.account_account_118","3600","Autres ventes et prestations de services","Normal"
"__export__.account_account_119","3700","Prestations propres","Normal"
"__export__.account_account_120","3710","Consommations propres","Normal"
"__export__.account_account_121","3800","Déductions sur ventes","Normal"
"__export__.account_account_122","3805","Pertes sur clients, variation du ducroire","Normal"
"17816","34_17816","Outils informatiques permettant à des personnes aveugles d'accéder à une meilleure connaissance de l'environnement urbain.","Normal"
"19398","34_19398","Observatoire cantonal des maladies des plantes ornementales  2009-2014","Normal"
"20276","34_20276","Activités dans le cadre du réseau national HES de compétences BIOTECHNET SWITZERLAND","Normal"
"20571","34_20571","Gestion du réseau ""European Pond Conservation Network""","Normal"
"20684","34_20684","Doctorants Sols et Substrats","Normal"
"21398","34_21398","Projet Institut de la Science des Services","Normal"
"23126","34_23126","Monitoring des plans d'eau du cirque de Macun (Parc National Suisse): volet 2009-2014","Normal"
"24264","34_24264","Clé de détermination électronique multi accès des macroinvertébrés aquatiques de Suisse","Normal"
"24536","34_24536","Plan Paysage Franco-Valdo-Genevois","Normal"
"24682","34_24682","FFS Vancouver 2010 et saison 2010","Normal"
"25280","34_25280","Convention gesdec-hepia pour assurer le suivi du réseau d'observation des sols genevois (réseau GEOS)","Normal"
"25283","34_25283","Optimalisation de la reprise des chênes rouvres et pédonculés","Normal"
"25296","34_25296","Evolution écosystèmes Haute-Chaine du Jura","Normal"
"25745","34_25745","Analyse des phénomènes aérothermiques existants lors de l'ouverture d'un disjoncteur à courant continu pour trains","Normal"
"25907","34_25907","Convention gesdec-hepia pour assurer le suivi du réseau d'observation des sols genevois (réseau GEOS)","Normal"
"26073","34_26073","Réalisation d'un programme de recherche sur l'aérodynamique des roues de vélos. Préparation des Jeux Olympiques de Londres 2012 avec la société Mavic.","Normal"
"27371","34_27371","CYCLE_CONFERENCES_PAYSAGE","Normal"
"27746","34_27746","Créabéton - Valorisation brevet enveloppes végétales","Normal"
"28370","34_28370","Mandats divers","Normal"
"28543","34_28543","Participation au comité scientifique du  RCSO RealTech","Normal"
"28599","34_28599","Suivis par GPS d'ongulés: projet ""CAPREOLUS""","Normal"
"28816","34_28816","Collaboration EOS Holding - HES admin","Normal"
"28962","34_28962","Communication et documentation du Juraparc","Normal"
"29057","34_29057","Surveillance des prédateurs du Wauwilermoos.","Normal"
"29187","34_29187","Mandats Ra&D inSTI moins de CHF 5'000.-","Normal"
"29457","34_29457","Révélateur de tonus musculaire","Normal"
"29622","34_29622","Biomobile","Normal"
"30259","34_30259","Etude et réalisation d'un environnement basé sur les ontologies métier pour la  compréhension semi-automatique et la réingénierie de système d'information.","Normal"
"30338","34_30338","Novartis - NIBR  ChemQueST (Feasability study)","Normal"
"30339","34_30339","Minoteries. Recherche domaine confort, lumière et énergie par utilisation modules PV","Normal"
"32661","34_32661","Web-Aided Learning environment for Organizations and Re-/upskilling","Normal"
"32767","34_32767","Numerical Simulation of 3D impulse Waves","Normal"
"32786","34_32786","""Thérapie neuro-psychomotrice et réhabilitation des personnes amputées suite au tremblement de terre en Haïti""","Normal"
"32960","34_32960","Making Big Data Work for Medical Practice","Normal"
"32962","34_32962","LnDDiP: the Lanthanides Drug Discovery Pipeline","Normal"
"33012","34_33012","Model-Driven European Paediatric Digital Repository","Normal"
"33239","34_33239","Understanding the market for raw wood supply and demand aspects","Normal"
"33243","34_33243","Web Novelty Detection Engine [WeNDEE]","Normal"
"33248","34_33248","Web Novelty Detection Engine [WeNDEE]","Normal"
"33375","34_33375","Mandats divers pour inTNE -5'000.-","Normal"
"33517","34_33517","Etude hydraulique sur modèle physique, 3ème étape de la renaturation de l'Aire","Normal"
"33639","34_33639","L'Exposition comme Film","Normal"
"33682","34_33682","Correction active de l'acoustique de locaux par mise en oeuvre de   sources basse fréquence contrôlées","Normal"
"33994","34_33994","DEVELOPMENT OF HIGH RATE AEROBIC GRANULAR PROCESS FOR NITROGEN REMOVAL FROM WET OXIDATION EFFLUENT","Normal"
"34069","34_34069","Design of a sustainable energy system by inclusion of behavioural and social parameters in an energy optimization model at country level","Normal"
"34862","34_34862","Mouvements migratoires de l'Ombre commun dans le bassin Arve-Rhône genevois","Normal"
"34928","34_34928","Impacts of CSR on firm performance and its perception by investors","Normal"
"34961","34_34961","Social Cushioning of Energy Price Increases and Public Acceptability","Normal"
"35031","34_35031","Assainissement des ouvrages pour la migration piscicole : Evaluation de l'efficacité de franchissement des usines hydroélectriques sur la Versoix","Normal"
"35093","34_35093","Maquettes numériques 3D/4D des ""Grands Projets"" de Genève","Normal"
"35305","34_35305","Etude comparative des populations de lièvres en fonction des milieux et des statuts de protection","Normal"
"35613","34_35613","Mécanismes de régulation densité-dépendante chez la truite, suivi 2013","Normal"
"36103","34_36103","Innovation and Common Knowledge Space in Airport Ground Movement Optimisation and Robustness","Normal"
"36248","34_36248","Fondation Naef pour la recherche in vitro.","Normal"
"36282","34_36282","FNS - Division Coopération Internationale 2012 :""Romanian Ageing migrants and the Welfare State""  Décision FNS no IZERZ0_142219/1","Normal"
"36328","34_36328","Security requirement Analysis oRiented towArds the Human","Normal"
"36341","34_36341","Solution intégrée de comptabilité de gestion simplifiée pour PME (SICS)","Normal"
"36727","34_36727","Etude de la gestion quantitative et des débits du Rhône en période de ""basses eaux""","Normal"
"36735","34_36735","Recherche Plantations Urbaines","Normal"
"36773","34_36773","Swiss longitudinal retrospective cohort study of nurses' career path and retention","Normal"
"36797","34_36797","Organizing, Communicating, and Costing in Risk Governance : Learning Lessons from the H1N1 Pandemic","Normal"
"37060","34_37060","Structure Degradation Evaluation for environmental Legislation","Normal"
"37073","34_37073","ESPACE Arve & Rhône","Normal"
"37216","34_37216","Ecological Waste Management","Normal"
"37236","34_37236","Ecological Waste Collection","Normal"
"37473","34_37473","Distributed Secure Processing for Enhanced Speech in Wireless Sensor Networks","Normal"
"37616","34_37616","Gestion durable de la qualité des eaux de surface en milieu agricole et conséquences écologiques pour les cours d'eau.","Normal"
"37683","34_37683","Novel inspection device for accurate assessment of critical defects such as fatigue and stress corrosion cracking (Integrated Circuit Hall Sensor Array (ICHSA) for NDT phase II)","Normal"
"37765","34_37765","Public administration peer-empowered through holistic technology enhanced learning","Normal"
"37810","34_37810","Web Intelligence for Rare Disease","Normal"
"37892","34_37892","Wikinomics - Fostering collaborative key-competences for employability through free-licensing & wiki methodologies","Normal"
"37929","34_37929","ESPACE Arve & Rhône _ SEUJET","Normal"
"37933","34_37933","OI-Net, European Academic Network for Open Innovation","Normal"
"37976","34_37976","Suivi des impacts de la vidange du barrage de Verbois : aspects piscicoles","Normal"
"38114","34_38114","Engine for Question Answering in Agriculture","Normal"
"38351","34_38351","ETF kit 2","Normal"
"38453","34_38453","Conception et développement d'une application pour Smartphone destinée à lister la consommation alimentaire","Normal"
"38492","34_38492","Projet interne octobre 2013 ""l'attribution d'aide  financière aux personnes surendettées. Une analyse sociologique de l'intervention des assistantes sociales et des assistants sociaux""-TS-RAD13-03","Normal"
"38597","34_38597","Biodiversité alpine menacée par le réchauffement climatique : pour une stratégie de conservation proactive et de valorisation durable des mares et étangs dans les Alpes suisses.","Normal"
"38619","34_38619","Projet CTI : Usinage par EDM de matériaux à faible conductivité et à haute valeur ajoutée, par l'utilisation d'un générateur à large plage de fonctionnement en tension, permettant également des régimes de finition de type ECM","Normal"
"38643","34_38643","Clé d'identification des groupements végétaux de Suisse","Normal"
"38880","34_38880","Autonomous Knowledge Discovery","Normal"
"38881","34_38881","A Microfluidic in-vitro perfusion-cell for radiooncological pharmaceutical testing","Normal"
"38883","34_38883","Women and Men Lifestyle Intervention StratEgy ACTion","Normal"
"38962","34_38962","Scientific Knowledge Discovery in Data and Knowledge Intensive","Normal"
"39023","34_39023","Data-driven computer simulation of pathological gait resulting from contractures","Normal"
"39085","34_39085","Mise en oeuvre de surfaces végétalisées adaptées aux changements climatiques en milieu urbain dense.","Normal"
"39103","34_39103","Portail web de cartographie historique sur le Grand Genève","Normal"
"39136","34_39136","Expérimentation 'Débit réservé' en Moyenne-Durance : réponses des communautés biologiques aux nouvelles modalités de gestion des débits au voisinage des ouvrages hydro-électriques","Normal"
"39163","34_39163","Projet int. domaine TS : ""Education supérieure, développement de compétences et opportunités d'insertion de jeunes femmes défavorisées en zone urbaine indienne""","Normal"
"39166","34_39166","""Development of technology building blocks for hte microengineering with long term sensing of tissues   cellular barrier function and structure""","Normal"
"39168","34_39168","Development of technology building blocks for miniaturized label free biomarker detectors","Normal"
"39174","34_39174","Végétal en Ville","Normal"
"39186","34_39186","Diagnostic Biochips 2013","Normal"
"39241","34_39241","Evaluation de populations de cerfs par pièges photographiques","Normal"
"39272","34_39272","Valorisation domaine TS de la recherche ""la réflexivité dans l'activité des travailleurs sociaux:enjeux pour la professionnalisation"" pour l'écriture d'un ouvrage scientifique en vue de sa publication auprès des Editions ies no TS-CR-21-13","Normal"
"39340","34_39340","SNIS - « Children of refugees in Europe : aspirations, social and economic lives, identity and transnational linkages »","Normal"
"39401","34_39401","Création d'une infrastructure Linked Open Data Genevoise pour les Bibliothèques de la ville","Normal"
"39477","34_39477","RSD GLASS Infonomics","Normal"
"39784","34_39784","Smart & Intelligent Hydrogel-Based Scaffolds for Tissue Engineering and its Application for Construction of Diagnostic Biochips","Normal"
"39929","34_39929","Projet int. : ""Transnational social movement of vulnerable groups: the case of sex workers and irregular migrants""","Normal"
"39940","34_39940","Programme thématique ""Energy District 2050"" - Gestion du programme","Normal"
"39971","34_39971","Literature-driven enhancement of ion channel simulations","Normal"
"40010","34_40010","Semences du mont Blanc","Normal"
"40018","34_40018","Micromac_Study","Normal"
"40128","34_40128","Partenariat SCANE-LEEA_2014_2015","Normal"
"40158","34_40158","Micro-biosystèmes personnalisable à des applications spécifiques en pharmacologie et médecine (toxicologie, diagnostic, Point-Of-Care)","Normal"
"40192","34_40192","Monitoring de la biodiversité urbaine","Normal"
"40211","34_40211","Etablissement et optimisation d'un réseau de surveillance des ennemis des plantes cultivées émergents dans un contexte de changements climatiques.","Normal"
"40249","34_40249","Energie et rénovation ' Méthodes et outils pour la rénovation énergétique des bâtiments","Normal"
"40253","34_40253","Le sol: régulateur du climat en milieu urbain","Normal"
"40257","34_40257","Transitions habitat/nature. Nouvelles typologies d'espaces de transition entre l'habitat et la nature, pensées  dans l'interdisciplinarité, pour accueillir plus de variétés et de diversités (biologiques et humaines) dans les  territoires urbains.","Normal"
"40265","34_40265","Membranes,channels and chambers with integrated three dimensional shaped flow sensors","Normal"
"40299","34_40299","Transitions habitat/nature. Nouvelles typologies d'espaces de transition entre l'habitat et la nature, pensées  dans l'interdisciplinarité, pour accueillir plus de variétés et de diversités (biologiques et humaines) dans les  territoires urbains.","Normal"
"40302","34_40302","La nature au be'ne'fice de la ville et la ville au be'ne'fice de la nature.","Normal"
"40399","34_40399","Cofinancement institut inSTI 2014_2024","Normal"
"40400","34_40400","Cofin inTNE 2014_2024","Normal"
"40420","34_40420","Cofinancement institut inPACT 2014_2024","Normal"
"40421","34_40421","Cofin institut inIT 2014_2024","Normal"
"40505","34_40505","Multimodal Engineering and Rule-based Mining for Medical  Data","Normal"
"40508","34_40508","linked.swissbib.ch: Erweiterung der swissbib-Plattform zu  einem Service für verlinkte Metadaten","Normal"
"40550","34_40550","Prime à l'obtention d'un pro-jet inter-établissement avec financement exogène - Projet QCRYPT 26099 hepia (N°25457 HEIG-VD)","Normal"
"40790","34_40790","Mandats ROLESAUR.","Normal"
"40807","34_40807","neXtpresso, accelerating annotation via automated approaches","Normal"
"40811","34_40811","Variational methods and adaptive methods for fully nonlinear equations. Applications to computational economics and finance","Normal"
"40813","34_40813","Erreur- à annuler","Normal"
"40814","34_40814","Network of Competence & Training for Open Access and  Legal Issues in eLearning and eScience","Normal"
"40819","34_40819","Learning Badges management platform: HE and LLL perspectives","Normal"
"40896","34_40896","Serious Game Entrepreneuriat","Normal"
"40901","34_40901","Impact de l'utilisation de la simulation avec patients standardisés vs. des jeux de rôles sur les compétences communicationnelles des étudiants en santé : un essai contrôlé randomisé","Normal"
"40933","34_40933","Projet interne avril 2014 : ""Les artistes en situation de handicap : pratiques, enjeux et perspectives liés à leur accompagnement ARTSITH""","Normal"
"40948","34_40948","""LIVES - Overcoming Vulnerability : Life Course Perspectives"" (LIVES)","Normal"
"40951","34_40951","Serious Game for Rehabilitation","Normal"
"40953","34_40953","Mise en oeuvre de surfaces végétalisées adaptées aux changements climatiques en milieu urbain dense.","Normal"
"40965","34_40965","Information science of anatomy related knowledge in biology and medicine","Normal"
"40971","34_40971","Mobile Self-Management of Type 1 Diabetes","Normal"
"40972","34_40972","A European Distributed Data Acquisition System with Surveillance and Risk Modelling of Foodborne  and Hospital-based Clostridium difficile Infections for Early-warning of Epidemics.","Normal"
"41139","34_41139","Predicting patient's future health state : development and deployment of fast, effective and interpretable algorithms for healthcare","Normal"
"41435","34_41435","TEPPES","Normal"
"41436","34_41436","Impact des dragages d'entretien du lit du Rhône sur le peuplement piscicole","Normal"
"41477","34_41477","valorisation des résultats de l'étude intitulée: Activités physiques et conduites alimentaires dans le postpartum après un diabète  gestationnel: impact des croyances, du soutien social et de l'auto-e","Normal"
"41478","34_41478","Fonds de contrepartie Hes-so alloué au projet de Claudio Bolzman- ""Romanian Ageing migrants and the Welfare State""","Normal"
"41558","34_41558","Valorisation domaine TS : écriture d'un article scientifique ""Ethnography of a Civic Ritual : Discourses by Political Representatives to New Swiss Citizens""/Revue Citizenship Studies no TS-CR-26-14","Normal"
"41560","34_41560","Valorisation domaine TS pour la traduction/relecture d'un chapitre de livre : ""Glimpses into the Hearts of Whiteness:Institutions of Intimacy and the Desirable National ' Ouvrage collectif : Swiss Colonial Encounters TS-CR-10-14","Normal"
"41597","34_41597","Valorisation domaine TS pour l'édition du livre : ""Etudiants du Sud de la HES-SO : entre illusions et espoirs""-éditions ies-no TS-CR-13-14","Normal"
"41664","34_41664","La nature au bénéfice de la ville et la ville au bénéfice de la nature.","Normal"
"41668","34_41668","Valorisation domaine TS : édition d'un livre : « Sans garantie de mixité. Les sinueux chemins de l'égalité des sexes dans le travail social et la santé » / Editions ies TS-CR-01-14","Normal"
"41684","34_41684","Relation entre hydrologie et peuplements/populations piscicoles","Normal"
"41687","34_41687","Evaluation de la taille de population d'une population de loups et de leur impact sur les espèces proies.","Normal"
"41734","34_41734","RDM Training  (Training Modules for Research Data Management)","Normal"
"41747","34_41747","Longitudinal retrospective cohort study of nurses' career paths and retention.","Normal"
"41749","34_41749","Valorisation domaine TS : écriture d'un article scientifique : ""Potagers urbains vs jardins familiaux ? Réforme urbaine contemporaine et controverses autour du beau jardin et de son usage légitime""/Revue Espaces et Sociétés TS-CR-23-14","Normal"
"41750","34_41750","Valorisation domaine TS : Ecriture d'un ouvrage : « Ce que enfermer des mineurs veut dire. Controverses professionnelles, conceptions éducatives et justifications de contemporaine de l'enfermement » / Editions Seismo TS-CR-24-14","Normal"
"41825","34_41825","CentreBioTech","Normal"
"41849","34_41849","Devenir technicien en Radiologie Médicale : Analyse de l'activité collective au travail et conception de situation de formation","Normal"
"41970","34_41970","Train the Trainer for Data Curation in Advanced Research","Normal"
"42007","34_42007","Sonoactivable Nanotheragnostics for Cancer Treatment (REANet EuroNanoMed2 SonoTherag)","Normal"
"42008","34_42008","Cascade-amplified ultrasound focal ablation (CAMUS)","Normal"
"42094","34_42094","La nature au bénéfice de la ville et la ville au bénéfice de la nature.","Normal"
"42209","34_42209","Project Privacy Incorporated Security Enhanced Systems","Normal"
"42275","34_42275","Solution intégrée de simulation de création d'entreprise","Normal"
"42371","34_42371","""Poste MT/BT intelligents pour la conduite de réseaux de distribution à   production distribuée d'énergie.""","Normal"
"42431","34_42431","Collective Watch Bookmarking : une Plateforme pour plus d'Autonomie et de Collaboration parmi les systèmes de social bookmarking","Normal"
"42446","34_42446","Prime à l'obtention d'un pro-jet inter-établissement avec financement exogène - Projet Amelio 41692 hepia (N°41672 HEVS)","Normal"
"42457","34_42457","Prime à l'obtention d'un projet interétablissement avec financement exogène - Projet SQUAD N° 39198","Normal"
"42479","34_42479","L'Expérience en Musée Augmentée par le Numérique","Normal"
"42496","34_42496","Sols et Arbres  et Gestion des Eaux en ville","Normal"
"42574","34_42574","STORK/EXPAND","Normal"
"42630","34_42630","Projet interne octobre 2014:""Prévenir la maltraitance des personnes en situation de handicap: quelle formation pour les proches aidants ? Quels facteurs de protection préconiser à partir de leur expertise ?""","Normal"
"42633","34_42633","Projet interne octobre 2014:""Roms à Genève. Des logiques contradictoires de l'action publique aux solutions possibles pour une politique du vivre ensemble""","Normal"
"42637","34_42637","Projet interne octobre 2014:""Migration des personnes retraitées Suisses au Maroc:Tendances, Pratiques et Impacts""","Normal"
"42689","34_42689","Les maçonneries de pierres naturelles comme support de la nature en ville.","Normal"
"42690","34_42690","Confiner les espèces non-indigènes au milieu urbain et limiter leur dispersion: de la cartographie à l'aide à la décision. Etude-pilote sur les plantes aquatiques du Canton de Genève.","Normal"
"42691","34_42691","'Optimisation du Stationnement dans les ville de grandes et moyennes tailles.","Normal"
"42692","34_42692","Machine épurée dédiée au micro fraisage","Normal"
"42701","34_42701","RENOUEE","Normal"
"42723","34_42723","complément financier au projet HaÏti-sagex no 32786-domaine Santé oct. 2014: ""Thérapie neuro-psychomotrice et réhabilitation des personnes amputées suite au tremblement de terre en Haïti""","Normal"
"42738","34_42738","Livre ""Le management de projet de construction""","Normal"
"42748","34_42748","Phage display et SELEX pour cibler des biomarqueurs diagnostiques et miniaturisation par bio-printing","Normal"
"42758","34_42758","Végétal en Ville","Normal"
"42769","34_42769","Road-, Air- and Water-based Future Internet Experimentation  H2020-ICT-2014-1","Normal"
"42851","34_42851","Egg-To-Fry survival kit 3.  Développement d'un dispositif d'évaluation de la survie des 'ufs de poissons,","Normal"
"42918","34_42918","Développement d'une barrière efficace pour la protection des aliments conservés sous l'emballage","Normal"
"42922","34_42922","Les maçonneries de pierres naturelles comme support de la nature en ville.","Normal"
"42948","34_42948","Réseau de capteurs sans fils pour le suivi de l'activité physique des personnes handicapées","Normal"
"42952","34_42952","Réseau de capteurs sans fils pour le suivi de l'activité physique des personnes handicapées","Normal"
"42981","34_42981","Façons de faire. La place de la technique dans la pratique artistique contemporaine","Normal"
"42987","34_42987","Etude Régionale du Mercure dans les Sols","Normal"
"43081","34_43081","Nereid_CTI","Normal"
"43101","34_43101","Dépense énergétique et détermination des besoins énergétiques et protéiques chez l'enfant sévèrement malade","Normal"
"43124","34_43124","Art and the Non-Human : Searching for a Third Tradition of Art between Aesthetics and Science","Normal"
"43150","34_43150","Recommendations and Operational Support for Cloud Ops  H2020-ICT-2014-1","Normal"
"43151","34_43151","Bid4PM : Big Data for Personalized Medicine","Normal"
"43169","34_43169","Scientific Knowledge Discovery in Data And Knowledge Intensive Domains","Normal"
"43265","34_43265","Mandat FOJ : ""Mesurer et analyser le degré de satisfaction et les besoins d'enfants et d'adolescent-e-s placé-e-s en foyer, ainsi que de leur entourage""","Normal"
"43296","34_43296","Clean Water Monitoring (Monitorage de l'eau potable)","Normal"
"43308","34_43308","HEALTHFOOD 2014.","Normal"
"43328","34_43328","Optimisation de l'Eclairage public","Normal"
"43330","34_43330","Plateform multi-services pour bâtiments résidentiels","Normal"
"43331","34_43331","Proteomics analysis of bacterially secreted toxins into 'ready-to-eat' food  (Analyse protéomique des toxines bactériennes relarguées dans les  aliments «ready-to-eat»)","Normal"
"43332","34_43332","Optimisation du design et de la gestion d'un réseau de chaud et de froid","Normal"
"43342","34_43342","Clean Water Monitoring (Monitorage de l'eau potable)","Normal"
"43362","34_43362","Fabrication de matériaux composites à fibres continues par extrusion et injection plastique","Normal"
"43363","34_43363","MicroMac_Dev","Normal"
"43398","34_43398","Sols et Arbres  et Gestion des Eaux en ville","Normal"
"43400","34_43400","Projet de valorisation domaine TS : Edition d'un livre/Mise à jour d'un livre : ""Mineurs confiés : risques majeurs ?""/Editions ies  no TS-CR-66-14","Normal"
"43404","34_43404","Projet de valorisation domaine TS : Ecriture d'un chapitre d'ouvrage scientifique : 'Mental health and resilience of young African women refugees in urban context (Abidjan-Ivory Coast and Dakar-Senegal)"" no TS-CR-61-14","Normal"
"43523","34_43523","iFloor - Plancher de sol intelligent pour la détection d'activités dans les bâtiments","Normal"
"43640","34_43640","Portable and autonomous cell-incubator sensing water hazards, a promising in-field monitoring  (Incubateur cellulaire portable et autonome pour la détection des contaminants dans l'eau)","Normal"
"43696","34_43696","""Projet pilote pour le développement d'un SIG des projets urbains visant à  optimiser et à structurer l'information projet dans sa phase PLQ""","Normal"
"43722","34_43722","Prime à l'obtention d'un projet interétablissement avec financement exogène ' Projet OS3 N°41678","Normal"
"43744","34_43744","Valorisation des résultats de l'étude: ""MyHip: Supporting Planning and Surgical Guidance for a better Total Hip Arthroplasty""","Normal"
"43757","34_43757","Valorisation de l'étude Dance Therapy FNS: ""Effets de la danse thérapie sur la qualité de vie et les capacités fonctionnelles chez les personnes qui souffrent de l'obésité""  ""Dance therapy in obese people: Effects on functional capacities and quality of l","Normal"
"43791","34_43791","Valorisation des résultats de l'étude ACTDEM FNS : ""Effets de l'exercice physique régulier sur les capacités à effectuer les activités de la vie quotidienne de la personne âgée modérément à sévèrement démente hospitalisée en soins psychiatriques aigus ""","Normal"
"43793","34_43793","Valorisation de l'étude pilote PAPT Leenaards: ""Etude pilote sur la planification anticipée du projet thérapeutique chez des personnes âgées vivant en établissement médico-social""","Normal"
"43795","34_43795","Valorisation de l'étude : ""L'utilité de la réalité virtuelle (Wii-Fit) pour la rééducation des entorses de cheville et la prévention des récidives""","Normal"
"43894","34_43894","TransCod : The Translational Coding Database / Projet Odin","Normal"
"43895","34_43895","A Contemporary Fashion Design Dictionary","Normal"
"43901","34_43901","Projet GlobalDiagnostiX ' Développement d'un appareil digital d'imagerie médicale appropriée pour les pays en voie de développement","Normal"
"43904","34_43904","Test pilote pour FNS: ""The role of hip abductor muscle functions in elderly patients at increased risk of falls""","Normal"
"43912","34_43912","TPGexpCONFORT","Normal"
"43959","34_43959","Symposium for European Freshwater Sciences","Normal"
"44036","34_44036","inPACT - acquisition et valorisation de projets 2015.","Normal"
"44038","34_44038","inIT : Acquisition et valorisation de projets 2015.","Normal"
"44039","34_44039","Acquisition et valorisation inSTI 2015.","Normal"
"44040","34_44040","Acquisition et valorisation inTNE 2015.","Normal"
"44140","34_44140","Mandats Ra&D Flavio Noca.","Normal"
"44202","34_44202","étude d'observation visant à qualifier la demande en conseils alimentaires de la patientèle fréquentant la consultation de référence « Soins de plaies » mise en place par la maison de santé Cité Génér","Normal"
"44227","34_44227","Mandat CERTIS : Dispositif CARREFOUR FORMATION EMPLOI","Normal"
"44327","34_44327","Complément financier HES-SO:""Regard sur une intervention clinique et formatrice des douleurs fantômes de patients amputés conduite sur une période de deux ans par la filière Psychomotricité au CERPA - Haïti""","Normal"
"44384","34_44384","Etude et réalisation d'un handbike sportif privilégiant les matériaux végétaux.","Normal"
"44412","34_44412","Projet déposé à la Fondation Leenaards : ""Vers un monitoring de la qualité de vie des ""personnes âgées"" en Suisse : exploration des possibilités de mettre sur pied un tableau de bord en utlisant les bases de données existantes (MONIQOL)""","Normal"
"44535","34_44535","Subvention HES-SO selon Programme Soutien international / projet CDIFF - H2020","Normal"
"44539","34_44539","Subvention HES-SO selon Programme Soutien international / projet Bid4PM - H2020","Normal"
"44540","34_44540","Subvention HES-SO selon Programme Soutien international / projet M2D1 - H2020","Normal"
"44541","34_44541","Subvention HES-SO selon Programme Soutien international / projet ROSCO - H2020","Normal"
"44543","34_44543","Subvention HES-SO selon Programme Soutien international / projet RAWFIE - H2020","Normal"
"44611","34_44611","Web Intelligence for Rare Disease","Normal"
"44616","34_44616","Determinants of Entry and Upgrading of Firms from Developing Countries into Global  Value Chains","Normal"
"44623","34_44623","Mandat-Projet CAPAS : ""profil, public cible et efficience des associations d'action sociale privées faisant partie du CAPAS""","Normal"
"44643","34_44643","BB-Sensors: un système de monitoring sans fil, portable et miniaturisé,   pour la détection et l'analyse de plausibilité d'évènements vitaux en milieu néonatal.","Normal"
"44687","34_44687","Bioalps 2015.","Normal"
"44804","34_44804","Portable Cloud Appliance","Normal"
"45125","34_45125","LES MIDIS DE LA RECHERCHE 2015","Normal"
"45166","34_45166","Projet FNS : ""Immigrant's trajectories of integration, between indeterminate (legislative) criteria and uncertain lifecourses: Analysis of legal cases""","Normal"
"45212","34_45212","Transparence et Démocratie 2.0 - ES-ISNET 14-11","Normal"
"45385","34_45385","RCSO - Etude empirique de l'importance de la formation et de la communication pour assurer le succès de l'ERP en vue des fonctionnalités de contrôle de gestion, suite à son implémentation dans des ent","Normal"
"45564","34_45564","Contribution de décharge FNS 2015 C. Bolzman","Normal"
"45566","34_45566","Socle Site Ra&D 2015-filière Travail Social","Normal"
"45567","34_45567","Centre de créativité Genève CCG  Une démarche de l'Université de Genève et de la HES-SO Genève pour stimuler les chercheurs et augmenter la collaboration avec le tissu économique régional","Normal"
"45749","34_45749","Innovations technologiques : identification et analyse qualitative des besoins des  personnes âgées et de leurs proches aidants, ainsi que ceux des professionnels","Normal"
"45826","34_45826","Evaluation de la biodiversité par la méthode IBEM de trois mares agro-écologiques du Parc Jura vaudois.","Normal"
"45846","34_45846","Implémentation de références nutritionnelles, environnementales et d'une stratégie de communication dans le restaurant scolaire Moser au moyen d'une étude recherche-action","Normal"
"46005","34_46005","Smartphone Trajectories","Normal"
"46050","34_46050","Mandat Ra&D Hospice général : ""Evaluation du dispositif Point jeunes de l'Hospice général""-Laurent Wicht","Normal"
"46111","34_46111","Utilisatrices de médecines complémentaires et alternatives (CAM), qui êtes-vous ? : une étude des variables psycho-sociales associées au choix des CAM dans le parcours de soin périnatal sur un échantillon représentatif de femmes suisses","Normal"
"46150","34_46150","Inventaire des milieux naturels genevois.","Normal"
"46245","34_46245","Projet interne HES-SO Genève:""Le non-recours aux prestations sociales à Genève""","Normal"
"46265","34_46265","Commission scientifique domaine TS 2015","Normal"
"46308","34_46308","Mandats pour filière Technique des bâtiments en 2015","Normal"
"46326","34_46326","From areal to multicriterial compensation : How to integrate soil ecosystem in compensation mechanisms applied in land-use planning?","Normal"
"46405","34_46405","Test de travaux de végétalisation de terrains réhabilités dans les carrières du Salève.","Normal"
"46505","34_46505","Projet interne avril 2015 : ""Etude sur les droits sexuels en tant que base à l'éducation sexuelle en Suisse. Conceptions des jeunes et des parents""","Normal"
"46525","34_46525","VESSY_II","Normal"
"46805","34_46805","Service de planification des soins à domicile : tournées et équipes soignantes","Normal"
"46865","34_46865","Prévention des chutes en EMS : Mythe ou réalité ?  Des Bonnes Pratiques de Prévention des Chutes en EMS, à l'amélioration continue de la qualité des soins","Normal"
"46967","34_46967","Assessment and treatment of hip abductor muscle functions in elderly patients at increased risk of falls","Normal"
"47147","34_47147","Charte graphique PLQ","Normal"
"47148","34_47148","Ubiquitous Computing for knowledge transfer, exhibition design and museum operations","Normal"
"47225","34_47225","Optimisation de profils de mouvement de micro-machines d'usinage, basée sur une pondération de   3 critères : temps de cycle (rapidité), bilan énergétique, état de surface de la pièce à usiner.","Normal"
"47350","34_47350","Biotechnet (I5-2015) Appui financier aux réseaux thématiques nationaux et internationaux","Normal"
"47549","34_47549","Projet FNS : ""L'économie résidentielle en Suisse: identification et mise en perspective""","Normal"
"47550","34_47550","Au-delà du monument. Mobilisations politiques, initiatives citoyennes et interventions artistiques dans les processus mémoriels    Beyond the Monument. Political Mobilisation, Citizen Initiatives and","Normal"
"47570","34_47570","Amélioration de la conduite Ecodrive","Normal"
"47571","34_47571","Protocol tester for USB Media Agnostic over WiFi","Normal"
"47768","34_47768","Supporting strategic decisions and policy design with data science-inspired methods to facilitate the emergence of networked health innovation systems","Normal"
"47785","34_47785","Social valuation: a data science-based companion analysis for the  life sciences industry","Normal"
"48006","34_48006","Citizens' platform for cultural heritage visualization and valorization","Normal"
"48125","34_48125","Platform for Advances Researches in Big Data Area for Business and Education - SCOPES - FNS (IZ74Z0_160496 / 1)","Normal"
"48146","34_48146","Mandat CSDE : « Le module 1 de la recherche sur les conséquences  du temps partiel sur les prestations vieillesse »","Normal"
"__export__.account_account_123","39","Variation des stocks","Vue"
"__export__.account_account_124","3900","Variation des stocks de produits semi-finis","Normal"
"__export__.account_account_125","3901","Variation des stocks de produits finis","Normal"
"__export__.account_account_126","3940","Variation de la valeur des prestations non facturées","Normal"
"__export__.account_account_127","4","CHARGES DE MATERIEL, DE MARCHANDISES ET DE PRESTATIONS DE TIERS","Vue"
"__export__.account_account_128","4000","Charges de matériel de l‘atelier","Normal"
"__export__.account_account_129","4200","Achats de marchandises destinées à la revente","Normal"
"__export__.account_account_130","4400","Prestations / travaux de tiers","Normal"
"__export__.account_account_131","4500","Charges d‘énergie pour l‘exploitation","Normal"
"__export__.account_account_132","4900","Déductions sur les charges","Normal"
"__export__.account_account_133","5","CHARGES DE PERSONNEL","Vue"
"__export__.account_account_134","5000","Salaires","Normal"
"__export__.account_account_172","50_11025872","M. Aerni","Normal"
"__export__.account_account_176","50_12245930","N. Brender","Normal"
"__export__.account_account_188","50_12396718","P. Dugerdil","Normal"
"__export__.account_account_198","50_12448459","N. Junod","Normal"
"__export__.account_account_183","50_13128458","P. Daehne","Normal"
"__export__.account_account_184","50_13187802","A. De Banoff","Normal"
"__export__.account_account_190","50_13885429","Y. Estermann Wiskott","Normal"
"__export__.account_account_181","50_13959929","L. Cornaglia","Normal"
"__export__.account_account_202","50_14127706","H. Madinier","Normal"
"__export__.account_account_193","50_14510348","A. Gaudinat","Normal"
"__export__.account_account_187","50_14603303","F. Duc","Normal"
"__export__.account_account_194","50_14692616","M. Gorin","Normal"
"__export__.account_account_197","50_15328888","G. Ineichen","Normal"
"__export__.account_account_214","50_15519993","P. Ruch","Normal"
"__export__.account_account_206","50_15663970","P. Merlier","Normal"
"__export__.account_account_199","50_17326785","A. Kalousis","Normal"
"__export__.account_account_196","50_17394748","R. Hauri","Normal"
"__export__.account_account_216","50_17636997","R. Schneider","Normal"
"__export__.account_account_204","50_17663013","D. Maradan","Normal"
"__export__.account_account_186","50_17910061","C. Desjacques","Normal"
"__export__.account_account_213","50_18145636","A. Rezzonico","Normal"
"__export__.account_account_173","50_18183007","D. Billard","Normal"
"__export__.account_account_218","50_18445737","A. Starkov","Normal"
"__export__.account_account_211","50_18503508","J. Ramirez Taroncher","Normal"
"__export__.account_account_215","50_19036954","C. Schaerer","Normal"
"__export__.account_account_219","50_19300538","J.-P. Trabichet","Normal"
"__export__.account_account_189","50_40003932","S. Emad","Normal"
"__export__.account_account_203","50_40014487","B. Makhlouf Shabou","Normal"
"__export__.account_account_178","50_40016025","A. Caboussat","Normal"
"__export__.account_account_217","50_40016528","A. Seydoux","Normal"
"__export__.account_account_175","50_40016856","N. Borzykowski","Normal"
"__export__.account_account_200","50_40018864","J. Latina","Normal"
"__export__.account_account_205","50_40018910","I. Markov","Normal"
"__export__.account_account_209","50_40020033","V. Pignon","Normal"
"__export__.account_account_179","50_40023029","S. Carattini","Normal"
"__export__.account_account_210","50_40024708","S. Pouchot","Normal"
"__export__.account_account_195","50_40025239","E. Harth","Normal"
"__export__.account_account_208","50_40025244","H. Pasquini-Descomps","Normal"
"__export__.account_account_212","50_40029774","J. Reboulleau","Normal"
"__export__.account_account_191","50_40031491","P.-A. Fonta","Normal"
"__export__.account_account_182","50_40032093","X. Costa","Normal"
"__export__.account_account_207","50_40032954","L. Mottin","Normal"
"__export__.account_account_220","50_40033674","S. Wieland","Normal"
"__export__.account_account_177","50_40100219","P. Butty","Normal"
"__export__.account_account_180","50_40100227","N. Cheikhrouhou","Normal"
"__export__.account_account_192","50_40100925","S. Gaudard","Normal"
"__export__.account_account_201","50_40100926","L. Le Mével","Normal"
"__export__.account_account_185","50_40101372","N. Depetris Chauvin","Normal"
"__export__.account_account_174","50_40102089","L. Blonde","Normal"
"__export__.account_account_135","5700","Charges sociales","Normal"
"__export__.account_account_136","5800","Autres charges du personnel","Normal"
"__export__.account_account_137","5900","Charges de personnels temporaires","Normal"
"__export__.account_account_138","6","AUTRES CHARGES D‘EXPLOITATION, AMORTISSEMENTS ET AJUSTEMENT DE VALEUR, RÉSULTAT FINANCIER","Vue"
"__export__.account_account_139","60","Autres charges d‘exploitation","Vue"
"__export__.account_account_140","6000","Charges de locaux","Normal"
"__export__.account_account_141","6100","Entretien, réparations et remplacement des inst. servant à l’exploitation","Normal"
"__export__.account_account_142","6105","Leasing immobilisations corporelles meubles","Normal"
"__export__.account_account_143","6200","Charges de véhicules et de transport","Normal"
"__export__.account_account_144","6260","Leasing et location de véhicules","Normal"
"__export__.account_account_145","6300","Assurances-choses, droits, taxes, autorisations","Normal"
"__export__.account_account_146","6400","Charges d’énergie et évacuation des déchets","Normal"
"__export__.account_account_147","6500","Charges d‘administration","Normal"
"__export__.account_account_148","6570","Charges et leasing d’informatique","Normal"
"__export__.account_account_149","6600","Publicité","Normal"
"__export__.account_account_150","6700","Autres charges d‘exploitation","Normal"
"__export__.account_account_151","68","Amortissements et ajustements de valeur des postes sur immobilisations corporelles","Vue"
"__export__.account_account_152","6800","Amortissements et ajustements de valeur des postes sur immobilisations corporelles","Normal"
"__export__.account_account_153","69","Résultat financier","Vue"
"__export__.account_account_154","6900","Charges financières","Normal"
"__export__.account_account_155","6950","Produits financiers","Normal"
"__export__.account_account_156","7","RESULTAT DES ACTIVITES ANNEXES D‘EXPLOITATION","Vue"
"__export__.account_account_157","7000","Produits accessoires","Normal"
"__export__.account_account_158","7010","Charges accessoires","Normal"
"__export__.account_account_159","7500","Produits des immeubles d‘exploitation","Normal"
"__export__.account_account_160","7510","Charges des immeubles d‘exploitation","Normal"
"__export__.account_account_161","8","RESULTATS EXTRAORDINAIRES ET HORS EXPLOITATION","Vue"
"__export__.account_account_162","80","Résultat hors exploitation","Vue"
"__export__.account_account_163","8000","Charges hors exploitation","Normal"
"__export__.account_account_164","8100","Produits hors exploitation","Normal"
"__export__.account_account_165","85","Résultat extraordinaires","Vue"
"__export__.account_account_166","8500","Charges extraordinaires, exceptionnelles ou hors période","Normal"
"__export__.account_account_167","8510","Produits extraordinaires, exceptionnels ou hors période","Normal"
"__export__.account_account_168","89","Impôts directs","Vue"
"__export__.account_account_169","8900","Impôts directs","Normal"
